{
    "name": "root",
    "metadata": {
        "timer_format_version": "0.1.0",
        "start_time_seconds": "1713812175",
        "python_version": "3.7.9 (tags/v3.7.9:13c94747c7, Aug 17 2020, 18:58:18) [MSC v.1900 64 bit (AMD64)]",
        "command_line_arguments": "C:\\Users\\nicho\\Documents\\AT\\AT-Reinforcement-Learning\\venv\\Scripts\\mlagents-learn config/NewBirdAgent.yaml --run-id=NewBirdAgent4 --resume",
        "mlagents_version": "0.29.0",
        "mlagents_envs_version": "0.29.0",
        "communication_protocol_version": "1.5.0",
        "pytorch_version": "1.7.0+cu110",
        "numpy_version": "1.21.2",
        "end_time_seconds": "1713812473"
    },
    "total": 298.0572423,
    "count": 1,
    "self": 0.005537599999968279,
    "children": {
        "run_training.setup": {
            "total": 0.09055590000000002,
            "count": 1,
            "self": 0.09055590000000002
        },
        "TrainerController.start_learning": {
            "total": 297.9611488,
            "count": 1,
            "self": 0.09495609999999033,
            "children": {
                "TrainerController._reset_env": {
                    "total": 7.7516852,
                    "count": 1,
                    "self": 7.7516852
                },
                "TrainerController.advance": {
                    "total": 290.0380257,
                    "count": 4242,
                    "self": 0.09409790000131579,
                    "children": {
                        "env_step": {
                            "total": 285.6675321999994,
                            "count": 4242,
                            "self": 275.2470285999991,
                            "children": {
                                "SubprocessEnvManager._take_step": {
                                    "total": 10.360849899999637,
                                    "count": 4242,
                                    "self": 0.23118699999902503,
                                    "children": {
                                        "TorchPolicy.evaluate": {
                                            "total": 10.129662900000612,
                                            "count": 3777,
                                            "self": 4.263426800001245,
                                            "children": {
                                                "TorchPolicy.sample_actions": {
                                                    "total": 5.866236099999368,
                                                    "count": 3777,
                                                    "self": 5.866236099999368
                                                }
                                            }
                                        }
                                    }
                                },
                                "workers": {
                                    "total": 0.05965370000064141,
                                    "count": 4241,
                                    "self": 0.0,
                                    "children": {
                                        "worker_root": {
                                            "total": 229.97985179999998,
                                            "count": 4241,
                                            "is_parallel": true,
                                            "self": 20.46806250000006,
                                            "children": {
                                                "steps_from_proto": {
                                                    "total": 0.0004680999999999713,
                                                    "count": 1,
                                                    "is_parallel": true,
                                                    "self": 0.00019749999999962853,
                                                    "children": {
                                                        "_process_rank_one_or_two_observation": {
                                                            "total": 0.0002706000000003428,
                                                            "count": 4,
                                                            "is_parallel": true,
                                                            "self": 0.0002706000000003428
                                                        }
                                                    }
                                                },
                                                "UnityEnvironment.step": {
                                                    "total": 209.5113211999999,
                                                    "count": 4241,
                                                    "is_parallel": true,
                                                    "self": 0.584127499998516,
                                                    "children": {
                                                        "UnityEnvironment._generate_step_input": {
                                                            "total": 0.4601356000002159,
                                                            "count": 4241,
                                                            "is_parallel": true,
                                                            "self": 0.4601356000002159
                                                        },
                                                        "communicator.exchange": {
                                                            "total": 206.62123900000037,
                                                            "count": 4241,
                                                            "is_parallel": true,
                                                            "self": 206.62123900000037
                                                        },
                                                        "steps_from_proto": {
                                                            "total": 1.845819100000801,
                                                            "count": 4241,
                                                            "is_parallel": true,
                                                            "self": 0.8530640000022895,
                                                            "children": {
                                                                "_process_rank_one_or_two_observation": {
                                                                    "total": 0.9927550999985115,
                                                                    "count": 16964,
                                                                    "is_parallel": true,
                                                                    "self": 0.9927550999985115
                                                                }
                                                            }
                                                        }
                                                    }
                                                }
                                            }
                                        }
                                    }
                                }
                            }
                        },
                        "trainer_advance": {
                            "total": 4.276395599999285,
                            "count": 4241,
                            "self": 0.1344735999999802,
                            "children": {
                                "process_trajectory": {
                                    "total": 2.6063229999992856,
                                    "count": 4241,
                                    "self": 2.6063229999992856
                                },