{
    "name": "root",
    "gauges": {
        "SnakeAgent.Policy.Entropy.mean": {
            "value": 0.046953510493040085,
            "min": 0.0391598604619503,
            "max": 0.07497354596853256,
            "count": 20
        },
        "SnakeAgent.Policy.Entropy.sum": {
            "value": 467.7978210449219,
            "min": 57.804603576660156,
            "max": 597.717041015625,
            "count": 20
        },
        "SnakeAgent.Step.mean": {
            "value": 339947.0,
            "min": 149940.0,
            "max": 339947.0,
            "count": 20
        },
        "SnakeAgent.Step.sum": {
            "value": 339947.0,
            "min": 149940.0,
            "max": 339947.0,
            "count": 20
        },
        "SnakeAgent.Policy.ExtrinsicValueEstimate.mean": {
            "value": -1.8163882493972778,
            "min": -2.6297919750213623,
            "max": -0.9911701083183289,
            "count": 20
        },
        "SnakeAgent.Policy.ExtrinsicValueEstimate.sum": {
            "value": -346.9301452636719,
            "min": -403.44677734375,
            "max": -39.44688034057617,
            "count": 20
        },
        "SnakeAgent.Policy.GailValueEstimate.mean": {
            "value": 3.4071075916290283,
            "min": 2.808215618133545,
            "max": 4.740376949310303,
            "count": 20
        },
        "SnakeAgent.Policy.GailValueEstimate.sum": {
            "value": 650.757568359375,
            "min": 48.69235610961914,
            "max": 820.085205078125,
            "count": 20
        },
        "SnakeAgent.Losses.PolicyLoss.mean": {
            "value": 0.24682362796121388,
            "min": 0.23974710063312338,
            "max": 0.24838403026613187,
            "count": 20
        },
        "SnakeAgent.Losses.PolicyLoss.sum": {
            "value": 19.252242980974682,
            "min": 1.2079131645360925,
            "max": 19.59620429305483,
            "count": 20
        },
        "SnakeAgent.Losses.ValueLoss.mean": {
            "value": 1.1361543392570728,
            "min": 0.8317900484718033,
            "max": 1.5015766576765486,
            "count": 20
        },
        "SnakeAgent.Losses.ValueLoss.sum": {
            "value": 88.62003846205167,
            "min": 6.737379727409346,
            "max": 118.62455595644734,
            "count": 20
        },
        "SnakeAgent.Policy.LearningRate.mean": {
            "value": 9.900336699889998e-05,
            "min": 9.900336699889998e-05,
            "max": 0.00021022406992532,
            "count": 20
        },
        "SnakeAgent.Policy.LearningRate.sum": {
            "value": 0.007722262625914199,
            "min": 0.0010511203496266,
            "max": 0.0161450448183192,
            "count": 20
        },
        "SnakeAgent.Policy.Epsilon.mean": {
            "value": 0.13300109999999998,
            "min": 0.13300109999999998,
            "max": 0.17007468000000003,
            "count": 20
        },
        "SnakeAgent.Policy.Epsilon.sum": {
            "value": 10.3740858,
            "min": 0.8503734000000002,
            "max": 13.192413,
            "count": 20
        },
        "SnakeAgent.Policy.Beta.mean": {
            "value": 0.0005000000000000001,
            "min": 0.0005,
            "max": 0.0005000000000000001,
            "count": 20
        },
        "SnakeAgent.Policy.Beta.sum": {
            "value": 0.03900000000000001,
            "min": 0.0025,
            "max": 0.03950000000000001,
            "count": 20
        },
        "SnakeAgent.Policy.GAILPolicyEstimate.mean": {
            "value": 0.2969176318372529,
            "min": 0.2688400462225059,
            "max": 0.37832841855311206,
            "count": 20
        },
        "SnakeAgent.Policy.GAILPolicyEstimate.sum": {
            "value": 23.159575283305728,
            "min": 1.8916420927655602,
            "max": 25.1595802187547,
            "count": 20
        },
        "SnakeAgent.Policy.GAILExpertEstimate.mean": {
            "value": 0.7067160399079815,
            "min": 0.6663785246796952,
            "max": 0.7366187784703155,
            "count": 20
        },
        "SnakeAgent.Policy.GAILExpertEstimate.sum": {
            "value": 55.12385111282256,
            "min": 3.331892623398476,
            "max": 57.456264720684615,
            "count": 20
        },
        "SnakeAgent.Losses.GAILLoss.mean": {
            "value": 0.8287183196548202,
            "min": 0.7486460121840585,
            "max": 0.9947079253014774,
            "count": 20
        },
        "SnakeAgent.Losses.GAILLoss.sum": {
            "value": 64.64002893307598,
            "min": 4.973539626507387,
            "max": 69.44714466078082,
            "count": 20
        },
        "SnakeAgent.Policy.GAILGradMagLoss.mean": {
            "value": 0.05756682500391146,
            "min": 0.04775040299404226,
            "max": 0.07115243997513997,
            "count": 20
        },
        "SnakeAgent.Policy.GAILGradMagLoss.sum": {
            "value": 4.490212350305094,
            "min": 0.2387520149702113,
            "max": 5.549890318060918,
            "count": 20
        },
        "SnakeAgent.Losses.PretrainingLoss.mean": {
            "value": 0.0006196642944743715,
            "min": 0.0006196642944743715,
            "max": 0.004595868839769271,
            "count": 20
        },
        "SnakeAgent.Losses.PretrainingLoss.sum": {
            "value": 0.04833381496900097,
            "min": 0.022979344198846355,
            "max": 0.3262924875877502,
            "count": 20
        },
        "SnakeAgent.Environment.EpisodeLength.mean": {
            "value": 144.31884057971016,
            "min": 114.8,
            "max": 330.25,
            "count": 20
        },
        "SnakeAgent.Environment.EpisodeLength.sum": {
            "value": 9958.0,
            "min": 574.0,
            "max": 10547.0,
            "count": 20
        },
        "SnakeAgent.Environment.CumulativeReward.mean": {
            "value": -4.30217390915082,
            "min": -4.746290259528905,
            "max": -2.8130714341865053,
            "count": 20
        },
        "SnakeAgent.Environment.CumulativeReward.sum": {
            "value": -296.84999973140657,
            "min": -296.84999973140657,
            "max": -22.076000342145562,
            "count": 20
        },
        "SnakeAgent.Policy.ExtrinsicReward.mean": {
            "value": -4.30217390915082,
            "min": -4.746290259528905,
            "max": -2.8130714341865053,
            "count": 20
        },
        "SnakeAgent.Policy.ExtrinsicReward.sum": {
            "value": -296.84999973140657,
            "min": -296.84999973140657,
            "max": -22.076000342145562,
            "count": 20
        },
        "SnakeAgent.Policy.GailReward.mean": {
            "value": 8.272439321108243,
            "min": 8.272439321108243,
            "max": 18.585843067350133,
            "count": 20
        },
        "SnakeAgent.Policy.GailReward.sum": {
            "value": 570.7983131564688,
            "min": 42.682024297188036,
            "max": 647.2265380429089,
            "count": 20
        },
        "SnakeAgent.IsTraining.mean": {
            "value": 1.0,
            "min": 1.0,
            "max": 1.0,
            "count": 20
        },
        "SnakeAgent.IsTraining.sum": {
            "value": 1.0,
            "min": 1.0,
            "max": 1.0,
            "count": 20
        }
    },
    "metadata": {
        "timer_format_version": "0.1.0",
        "start_time_seconds": "1710602811",
        "python_version": "3.7.9 (tags/v3.7.9:13c94747c7, Aug 17 2020, 18:58:18) [MSC v.1900 64 bit (AMD64)]",
        "command_line_arguments": "C:\\Users\\nicho\\Documents\\AT\\AT-Reinforcement-Learning\\venv\\Scripts\\mlagents-learn config\\SnakeAgent.yaml --run-id=SnakeImitation3 --resume",
        "mlagents_version": "0.29.0",
        "mlagents_envs_version": "0.29.0",