{
    "name": "root",
    "metadata": {
        "timer_format_version": "0.1.0",
        "start_time_seconds": "1713814366",
        "python_version": "3.7.9 (tags/v3.7.9:13c94747c7, Aug 17 2020, 18:58:18) [MSC v.1900 64 bit (AMD64)]",
        "command_line_arguments": "C:\\Users\\nicho\\Documents\\AT\\AT-Reinforcement-Learning\\venv\\Scripts\\mlagents-learn config/NewBirdAgent.yaml --run-id=NewBirdAgent5 --resume",
        "mlagents_version": "0.29.0",
        "mlagents_envs_version": "0.29.0",
        "communication_protocol_version": "1.5.0",
        "pytorch_version": "1.7.0+cu110",
        "numpy_version": "1.21.2",
        "end_time_seconds": "1713814519"
    },
    "total": 152.9059204,
    "count": 1,
    "self": 0.005487900000019863,
    "children": {
        "run_training.setup": {
            "total": 0.09360879999999994,
            "count": 1,
            "self": 0.09360879999999994
        },
        "TrainerController.start_learning": {
            "total": 152.8068237,
            "count": 1,
            "self": 0.049179300000105286,
            "children": {
                "TrainerController._reset_env": {
                    "total": 8.6373448,
                    "count": 1,
                    "self": 8.6373448
                },
                "TrainerController.advance": {
                    "total": 144.0460594999999,
                    "count": 2097,
                    "self": 0.048909899999699746,
                    "children": {
                        "env_step": {
                            "total": 138.56432640000008,
                            "count": 2097,
                            "self": 134.2658353999998,
                            "children": {
                                "SubprocessEnvManager._take_step": {
                                    "total": 4.269385099999997,
                                    "count": 2097,
                                    "self": 0.09568680000003482,
                                    "children": {
                                        "TorchPolicy.evaluate": {
                                            "total": 4.173698299999963,
                                            "count": 1346,
                                            "self": 1.6414581000001185,
                                            "children": {
                                                "TorchPolicy.sample_actions": {
                                                    "total": 2.532240199999844,
                                                    "count": 1346,
                                                    "self": 2.532240199999844
                                                }
                                            }
                                        }
                                    }
                                },
                                "workers": {
                                    "total": 0.02910590000029778,
                                    "count": 2096,
                                    "self": 0.0,
                                    "children": {
                                        "worker_root": {
                                            "total": 84.1432148,
                                            "count": 2096,
                                            "is_parallel": true,
                                            "self": 13.479916399999723,
                                            "children": {
                                                "steps_from_proto": {
                                                    "total": 0.000693899999999914,
                                                    "count": 1,
                                                    "is_parallel": true,
                                                    "self": 0.0002900999999981835,
                                                    "children": {
                                                        "_process_rank_one_or_two_observation": {
                                                            "total": 0.00040380000000173055,
                                                            "count": 4,
                                                            "is_parallel": true,
                                                            "self": 0.00040380000000173055
                                                        }
                                                    }
                                                },
                                                "UnityEnvironment.step": {
                                                    "total": 70.66260450000027,
                                                    "count": 2096,
                                                    "is_parallel": true,
                                                    "self": 0.3311355000004994,
                                                    "children": {
                                                        "UnityEnvironment._generate_step_input": {
                                                            "total": 0.26601329999998846,
                                                            "count": 2096,
                                                            "is_parallel": true,
                                                            "self": 0.26601329999998846
                                                        },
                                                        "communicator.exchange": {
                                                            "total": 69.11535790000002,
                                                            "count": 2096,
                                                            "is_parallel": true,
                                                            "self": 69.11535790000002
                                                        },
                                                        "steps_from_proto": {
                                                            "total": 0.9500977999997708,
                                                            "count": 2096,
                                                            "is_parallel": true,
                                                            "self": 0.40123649999980593,
                                                            "children": {
                                                                "_process_rank_one_or_two_observation": {
                                                                    "total": 0.5488612999999649,
                                                                    "count": 8384,
                                                                    "is_parallel": true,
                                                                    "self": 0.5488612999999649
                                                                }
                                                            }
                                                        }
                                                    }
                                                }
                                            }
                                        }
                                    }
                                }
                            }
                        },
                        "trainer_advance": {
                            "total": 5.432823200000113,
                            "count": 2096,
                            "self": 0.061989300000016456,
                            "children": {
                                "process_trajectory": {
                                    "total": 3.8044250000000837,
                                    "count": 2096,
                                    "self": 3.8044250000000837
                                },