{
    "name": "root",
    "gauges": {
        "BirdAgent.Policy.Entropy.mean": {
            "value": 0.38118743896484375,
            "min": 0.38118743896484375,
            "max": 0.5032446980476379,
            "count": 10
        },
        "BirdAgent.Policy.Entropy.sum": {
            "value": 19036.5,
            "min": 19036.5,
            "max": 25444.052734375,
            "count": 10
        },
        "BirdAgent.Environment.EpisodeLength.mean": {
            "value": 113.56719817767653,
            "min": 99.85132382892057,
            "max": 116.5990675990676,
            "count": 10
        },
        "BirdAgent.Environment.EpisodeLength.sum": {
            "value": 49856.0,
            "min": 48794.0,
            "max": 50021.0,
            "count": 10
        },
        "BirdAgent.Step.mean": {
            "value": 1999951.0,
            "min": 1549978.0,
            "max": 1999951.0,
            "count": 10
        },
        "BirdAgent.Step.sum": {
            "value": 1999951.0,
            "min": 1549978.0,
            "max": 1999951.0,
            "count": 10
        },
        "BirdAgent.Policy.ExtrinsicValueEstimate.mean": {
            "value": 3.863450288772583,
            "min": 3.3495805263519287,
            "max": 3.863450288772583,
            "count": 10
        },
        "BirdAgent.Policy.ExtrinsicValueEstimate.sum": {
            "value": 3778.454345703125,
            "min": 3292.6376953125,
            "max": 3778.454345703125,
            "count": 10
        },
        "BirdAgent.Environment.CumulativeReward.mean": {
            "value": 8.635843906024276,
            "min": 7.029346261888135,
            "max": 9.004251530585446,
            "count": 10
        },
        "BirdAgent.Environment.CumulativeReward.sum": {
            "value": 3782.4996308386326,
            "min": 3444.379668325186,
            "max": 3853.8196550905704,
            "count": 10
        },
        "BirdAgent.Policy.ExtrinsicReward.mean": {
            "value": 8.635843906024276,
            "min": 7.029346261888135,
            "max": 9.004251530585446,
            "count": 10
        },
        "BirdAgent.Policy.ExtrinsicReward.sum": {
            "value": 3782.4996308386326,
            "min": 3444.379668325186,
            "max": 3853.8196550905704,
            "count": 10
        },
        "BirdAgent.Losses.PolicyLoss.mean": {
            "value": 0.024279741253703833,
            "min": 0.020164308774595456,
            "max": 0.02629169704547773,
            "count": 10
        },
        "BirdAgent.Losses.PolicyLoss.sum": {
            "value": 0.12139870626851916,
            "min": 0.0875252976625537,
            "max": 0.12692983095378926,
            "count": 10
        },
        "BirdAgent.Losses.ValueLoss.mean": {
            "value": 2.050003289381663,
            "min": 1.910553516546885,
            "max": 2.0522502183914186,
            "count": 10
        },
        "BirdAgent.Losses.ValueLoss.sum": {
            "value": 10.250016446908315,
            "min": 7.818099629878997,
            "max": 10.261251091957092,
            "count": 10
        },
        "BirdAgent.Policy.LearningRate.mean": {
            "value": 4.120208626630001e-06,
            "min": 4.120208626630001e-06,
            "max": 7.113150128952498e-05,
            "count": 10
        },
        "BirdAgent.Policy.LearningRate.sum": {
            "value": 2.0601043133150004e-05,
            "min": 2.0601043133150004e-05,
            "max": 0.0003209949930017999,
            "count": 10
        },
        "BirdAgent.Policy.Epsilon.mean": {
            "value": 0.10137337000000005,
            "min": 0.10137337000000005,
            "max": 0.123710475,
            "count": 10
        },
        "BirdAgent.Policy.Epsilon.sum": {
            "value": 0.5068668500000002,
            "min": 0.4250054,
            "max": 0.6069982,
            "count": 10
        },
        "BirdAgent.Policy.Beta.mean": {
            "value": 7.853116300000004e-05,
            "min": 7.853116300000004e-05,
            "max": 0.0011931527024999999,
            "count": 10
        },
        "BirdAgent.Policy.Beta.sum": {
            "value": 0.0003926558150000002,
            "min": 0.0003926558150000002,
            "max": 0.005389210180000001,
            "count": 10
        },
        "BirdAgent.IsTraining.mean": {
            "value": 1.0,
            "min": 1.0,
            "max": 1.0,
            "count": 10
        },
        "BirdAgent.IsTraining.sum": {
            "value": 1.0,
            "min": 1.0,
            "max": 1.0,
            "count": 10
        }
    },
    "metadata": {
        "timer_format_version": "0.1.0",
        "start_time_seconds": "1713889597",
        "python_version": "3.7.9 (tags/v3.7.9:13c94747c7, Aug 17 2020, 18:58:18) [MSC v.1900 64 bit (AMD64)]",
        "command_line_arguments": "C:\\Users\\nicho\\Documents\\AT\\AT-Reinforcement-Learning\\venv\\Scripts\\mlagents-learn config\\NewBirdAgent.yaml --run-id=NewBirdAgent7 --resume",
        "mlagents_version": "0.29.0",
        "mlagents_envs_version": "0.29.0",
        "communication_protocol_version": "1.5.0",
        "pytorch_version": "1.7.0+cu110",
        "numpy_version": "1.21.2",
        "end_time_seconds": "1713891390"
    },
    "total": 1793.0723337999998,
    "count": 1,
    "self": 0.006803499999705309,
    "children": {
        "run_training.setup": {
            "total": 0.09373350000000014,
            "count": 1,
            "self": 0.09373350000000014
        },
        "TrainerController.start_learning": {
            "total": 1792.9717968,
            "count": 1,
            "self": 0.6893134999970698,
            "children": {
                "TrainerController._reset_env": {
                    "total": 6.0165864000000004,
                    "count": 1,
                    "self": 6.0165864000000004
                },
                "TrainerController.advance": {
                    "total": 1786.2125588000029,
                    "count": 28570,
                    "self": 0.6590072000187774,
                    "children": {
                        "env_step": {
                            "total": 1659.4946795999892,
                            "count": 28570,
                            "self": 1590.4452841000125,
                            "children": {
                                "SubprocessEnvManager._take_step": {
                                    "total": 68.61937779999914,
                                    "count": 28570,
                                    "self": 1.7161984000020993,
                                    "children": {
                                        "TorchPolicy.evaluate": {
                                            "total": 66.90317939999704,
                                            "count": 25024,
                                            "self": 29.655325000002122,
                                            "children": {
                                                "TorchPolicy.sample_actions": {
                                                    "total": 37.24785439999492,
                                                    "count": 25024,
                                                    "self": 37.24785439999492
                                                }
                                            }
                                        }
                                    }
                                },
                                "workers": {
                                    "total": 0.4300176999775296,
                                    "count": 28570,
                                    "self": 0.0,
                                    "children": {
                                        "worker_root": {
                                            "total": 1786.8691197999983,
                                            "count": 28570,