{
    "name": "root",
    "gauges": {
        "BirdAgent.Policy.Entropy.mean": {
            "value": 0.14742185175418854,
            "min": 0.14742185175418854,
            "max": 0.2546364963054657,
            "count": 3
        },
        "BirdAgent.Policy.Entropy.sum": {
            "value": 1474.513427734375,
            "min": 1474.513427734375,
            "max": 2548.65673828125,
            "count": 3
        },
        "BirdAgent.Environment.EpisodeLength.mean": {
            "value": 10.088691796008868,
            "min": 9.922489082969433,
            "max": 10.281038374717832,
            "count": 3
        },
        "BirdAgent.Environment.EpisodeLength.sum": {
            "value": 9100.0,
            "min": 9089.0,
            "max": 9109.0,
            "count": 3
        },
        "BirdAgent.Step.mean": {
            "value": 29997.0,
            "min": 9999.0,
            "max": 29997.0,
            "count": 3
        },
        "BirdAgent.Step.sum": {
            "value": 29997.0,
            "min": 9999.0,
            "max": 29997.0,
            "count": 3
        },
        "BirdAgent.Policy.ExtrinsicValueEstimate.mean": {
            "value": -0.18707194924354553,
            "min": -0.21895554661750793,
            "max": -0.18216219544410706,
            "count": 3
        },
        "BirdAgent.Policy.ExtrinsicValueEstimate.sum": {
            "value": -170.04840087890625,
            "min": -201.00119018554688,
            "max": -161.76002502441406,
            "count": 3
        },
        "BirdAgent.Policy.GailValueEstimate.mean": {
            "value": 0.7114458084106445,
            "min": 0.7114458084106445,
            "max": 0.7571399211883545,
            "count": 3
        },
        "BirdAgent.Policy.GailValueEstimate.sum": {
            "value": 646.7042236328125,
            "min": 646.7042236328125,
            "max": 695.054443359375,
            "count": 3
        },
        "BirdAgent.Environment.CumulativeReward.mean": {
            "value": -0.844789356984479,
            "min": -0.8972677595628415,
            "max": -0.844789356984479,
            "count": 3
        },
        "BirdAgent.Environment.CumulativeReward.sum": {
            "value": -762.0,
            "min": -821.0,
            "max": -762.0,
            "count": 3
        },
        "BirdAgent.Policy.ExtrinsicReward.mean": {
            "value": -0.4223946784922395,
            "min": -0.4486338797814208,
            "max": -0.4223946784922395,
            "count": 3
        },
        "BirdAgent.Policy.ExtrinsicReward.sum": {
            "value": -381.0,
            "min": -410.5,
            "max": -381.0,
            "count": 3
        },
        "BirdAgent.Policy.GailReward.mean": {
            "value": 2.832033237037631,
            "min": 2.832033237037631,
            "max": 2.8747101151552354,
            "count": 3
        },
        "BirdAgent.Policy.GailReward.sum": {
            "value": 2554.493979807943,
            "min": 2541.6579059809446,
            "max": 2630.3597553670406,
            "count": 3
        },
        "BirdAgent.Losses.PolicyLoss.mean": {
            "value": 0.24147676650344074,
            "min": 0.24147676650344074,
            "max": 0.24935091285843022,
            "count": 3
        },
        "BirdAgent.Losses.PolicyLoss.sum": {
            "value": 21.732908985309667,
            "min": 21.732908985309667,
            "max": 22.69093307011715,
            "count": 3
        },
        "BirdAgent.Losses.ValueLoss.mean": {
            "value": 0.14368679817556926,
            "min": 0.10500725825051763,
            "max": 0.14368679817556926,
            "count": 3
        },
        "BirdAgent.Losses.ValueLoss.sum": {
            "value": 12.931811835801234,
            "min": 9.450653242546586,
            "max": 12.931811835801234,
            "count": 3
        },
        "BirdAgent.Policy.LearningRate.mean": {
            "value": 0.0002850105916631378,
            "min": 0.0002850105916631378,
            "max": 0.0002969755276748244,
            "count": 3
        },
        "BirdAgent.Policy.LearningRate.sum": {
            "value": 0.0256509532496824,
            "min": 0.0256509532496824,
            "max": 0.026727797490734197,
            "count": 3
        },
        "BirdAgent.Policy.Epsilon.mean": {
            "value": 0.19500352888888892,
            "min": 0.19500352888888892,
            "max": 0.19899184222222221,
            "count": 3
        },
        "BirdAgent.Policy.Epsilon.sum": {
            "value": 17.550317600000003,
            "min": 17.550317600000003,
            "max": 17.9272462,
            "count": 3
        },
        "BirdAgent.Policy.Beta.mean": {
            "value": 0.0005000000000000001,
            "min": 0.0005000000000000001,
            "max": 0.0005000000000000001,
            "count": 3
        },
        "BirdAgent.Policy.Beta.sum": {
            "value": 0.04500000000000001,
            "min": 0.04500000000000001,
            "max": 0.04550000000000001,
            "count": 3
        },
        "BirdAgent.Policy.GAILPolicyEstimate.mean": {
            "value": 0.3100752592896114,
            "min": 0.3100752592896114,
            "max": 0.3624965188990288,
            "count": 3
        },
        "BirdAgent.Policy.GAILPolicyEstimate.sum": {
            "value": 27.906773336065022,
            "min": 27.906773336065022,
            "max": 32.62468670091259,
            "count": 3
        },
        "BirdAgent.Policy.GAILExpertEstimate.mean": {
            "value": 0.6782296970132632,
            "min": 0.6318480774036681,
            "max": 0.6782296970132632,
            "count": 3
        },
        "BirdAgent.Policy.GAILExpertEstimate.sum": {
            "value": 61.04067273119369,
            "min": 56.86632696633013,
            "max": 61.04067273119369,
            "count": 3
        },
        "BirdAgent.Losses.GAILLoss.mean": {
            "value": 0.8749291249675463,
            "min": 0.8749291249675463,
            "max": 0.9906018395440709,
            "count": 3
        },
        "BirdAgent.Losses.GAILLoss.sum": {
            "value": 78.74362124707916,
            "min": 78.74362124707916,
            "max": 89.15416555896638,
            "count": 3
        },
        "BirdAgent.Policy.GAILGradMagLoss.mean": {
            "value": 0.048641619368345684,
            "min": 0.048641619368345684,
            "max": 0.243851827867245,
            "count": 3
        },
        "BirdAgent.Policy.GAILGradMagLoss.sum": {
            "value": 4.377745743151111,
            "min": 4.377745743151111,
            "max": 21.94666450805205,
            "count": 3
        },
        "BirdAgent.Losses.PretrainingLoss.mean": {
            "value": 0.27516359272465873,
            "min": 0.27516359272465873,
            "max": 0.3085342629618214,
            "count": 3
        },
        "BirdAgent.Losses.PretrainingLoss.sum": {
            "value": 24.764723345219284,
            "min": 24.764723345219284,
            "max": 27.768083666563925,
            "count": 3
        },
        "BirdAgent.IsTraining.mean": {
            "value": 1.0,
            "min": 1.0,
            "max": 1.0,
            "count": 3
        },
        "BirdAgent.IsTraining.sum": {
            "value": 1.0,
            "min": 1.0,
            "max": 1.0,
            "count": 3
        }
    },
    "metadata": {
        "timer_format_version": "0.1.0",
        "start_time_seconds": "1713128130",
        "python_version": "3.7.9 (tags/v3.7.9:13c94747c7, Aug 17 2020, 18:58:18) [MSC v.1900 64 bit (AMD64)]",
        "command_line_arguments": "C:\\Users\\nicho\\Documents\\AT\\AT-Reinforcement-Learning\\venv\\Scripts\\mlagents-learn config/BirdAgent.yaml --run-id=BirdAgent4",
        "mlagents_version": "0.29.0",
        "mlagents_envs_version": "0.29.0",
        "communication_protocol_version": "1.5.0",
        "pytorch_version": "1.7.0+cu110",