{
    "name": "root",
    "gauges": {
        "SnakeAgent.Policy.Entropy.mean": {
            "value": 0.704785943031311,
            "min": 0.704785943031311,
            "max": 0.704785943031311,
            "count": 1
        },
        "SnakeAgent.Policy.Entropy.sum": {
            "value": 5412.755859375,
            "min": 5412.755859375,
            "max": 5412.755859375,
            "count": 1
        },
        "SnakeAgent.Environment.EpisodeLength.mean": {
            "value": 130.42857142857142,
            "min": 130.42857142857142,
            "max": 130.42857142857142,
            "count": 1
        },
        "SnakeAgent.Environment.EpisodeLength.sum": {
            "value": 913.0,
            "min": 913.0,
            "max": 913.0,
            "count": 1
        },
        "SnakeAgent.Step.mean": {
            "value": 99938.0,
            "min": 99938.0,
            "max": 99938.0,
            "count": 1
        },
        "SnakeAgent.Step.sum": {
            "value": 99938.0,
            "min": 99938.0,
            "max": 99938.0,
            "count": 1
        },
        "SnakeAgent.Policy.ExtrinsicValueEstimate.mean": {
            "value": -2.073216438293457,
            "min": -2.073216438293457,
            "max": -2.073216438293457,
            "count": 1
        },
        "SnakeAgent.Policy.ExtrinsicValueEstimate.sum": {
            "value": -230.12701416015625,
            "min": -230.12701416015625,
            "max": -230.12701416015625,
            "count": 1
        },
        "SnakeAgent.Environment.CumulativeReward.mean": {
            "value": -5.854857397930963,
            "min": -5.854857397930963,
            "max": -5.854857397930963,
            "count": 1
        },
        "SnakeAgent.Environment.CumulativeReward.sum": {
            "value": -40.98400178551674,
            "min": -40.98400178551674,
            "max": -40.98400178551674,
            "count": 1
        },
        "SnakeAgent.Policy.ExtrinsicReward.mean": {
            "value": -5.854857397930963,
            "min": -5.854857397930963,
            "max": -5.854857397930963,
            "count": 1
        },
        "SnakeAgent.Policy.ExtrinsicReward.sum": {
            "value": -40.98400178551674,
            "min": -40.98400178551674,
            "max": -40.98400178551674,
            "count": 1
        },
        "SnakeAgent.IsTraining.mean": {
            "value": 1.0,
            "min": 1.0,
            "max": 1.0,
            "count": 1
        },
        "SnakeAgent.IsTraining.sum": {
            "value": 1.0,
            "min": 1.0,
            "max": 1.0,
            "count": 1
        }
    },
    "metadata": {
        "timer_format_version": "0.1.0",
        "start_time_seconds": "1713893690",
        "python_version": "3.7.9 (tags/v3.7.9:13c94747c7, Aug 17 2020, 18:58:18) [MSC v.1900 64 bit (AMD64)]",
        "command_line_arguments": "C:\\Users\\nicho\\Documents\\AT\\AT-Reinforcement-Learning\\venv\\Scripts\\mlagents-learn config\\NewSnakeAgent.yaml --run-id=NewSnakeAgent --resume",
        "mlagents_version": "0.29.0",
        "mlagents_envs_version": "0.29.0",
        "communication_protocol_version": "1.5.0",
        "pytorch_version": "1.7.0+cu110",
        "numpy_version": "1.21.2",
        "end_time_seconds": "1713893820"
    },
    "total": 130.6434413,
    "count": 1,
    "self": 0.005351600000011558,
    "children": {
        "run_training.setup": {
            "total": 0.07822980000000002,
            "count": 1,
            "self": 0.07822980000000002
        },
        "TrainerController.start_learning": {
            "total": 130.5598599,
            "count": 1,
            "self": 0.022300299999955087,
            "children": {
                "TrainerController._reset_env": {
                    "total": 6.637914199999999,
                    "count": 1,
                    "self": 6.637914199999999
                },
                "TrainerController.advance": {
                    "total": 123.82340570000002,
                    "count": 1011,
                    "self": 0.023659300000076655,
                    "children": {
                        "env_step": {
                            "total": 120.50431790000005,
                            "count": 1011,
                            "self": 117.03672850000001,
                            "children": {
                                "SubprocessEnvManager._take_step": {
                                    "total": 3.4531100999999467,
                                    "count": 1011,
                                    "self": 0.07444679999988502,
                                    "children": {
                                        "TorchPolicy.evaluate": {
                                            "total": 3.3786633000000617,
                                            "count": 1002,
                                            "self": 1.38328870000029,
                                            "children": {
                                                "TorchPolicy.sample_actions": {
                                                    "total": 1.9953745999997716,
                                                    "count": 1002,
                                                    "self": 1.9953745999997716
                                                }
                                            }
                                        }
                                    }
                                },
                                "workers": {
                                    "total": 0.01447930000009734,
                                    "count": 1010,
                                    "self": 0.0,
                                    "children": {
                                        "worker_root": {
                                            "total": 63.762587700000026,
                                            "count": 1010,
                                            "is_parallel": true,
                                            "self": 9.465510700000046,
                                            "children": {
                                                "steps_from_proto": {
                                                    "total": 0.0008361999999992875,
                                                    "count": 1,
                                                    "is_parallel": true,
                                                    "self": 0.00025049999999993133,
                                                    "children": {
                                                        "_process_rank_one_or_two_observation": {
                                                            "total": 0.0005856999999993562,
                                                            "count": 4,
                                                            "is_parallel": true,
                                                            "self": 0.0005856999999993562
                                                        }
                                                    }
                                                },
                                                "UnityEnvironment.step": {
                                                    "total": 54.29624079999998,
                                                    "count": 1010,
                                                    "is_parallel": true,
                                                    "self": 0.23986370000025659,
                                                    "children": {
                                                        "UnityEnvironment._generate_step_input": {
                                                            "total": 0.26700740000003265,
                                                            "count": 1010,
                                                            "is_parallel": true,