{
    "name": "root",
    "gauges": {
        "BirdAgent.Policy.Entropy.mean": {
            "value": 0.7069103717803955,
            "min": 0.7069103717803955,
            "max": 0.7069103717803955,
            "count": 1
        },
        "BirdAgent.Policy.Entropy.sum": {
            "value": 31641.30859375,
            "min": 31641.30859375,
            "max": 31641.30859375,
            "count": 1
        },
        "BirdAgent.Environment.EpisodeLength.mean": {
            "value": 29.783275261324043,
            "min": 29.783275261324043,
            "max": 29.783275261324043,
            "count": 1
        },
        "BirdAgent.Environment.EpisodeLength.sum": {
            "value": 42739.0,
            "min": 42739.0,
            "max": 42739.0,
            "count": 1
        },
        "BirdAgent.Step.mean": {
            "value": 499964.0,
            "min": 499964.0,
            "max": 499964.0,
            "count": 1
        },
        "BirdAgent.Step.sum": {
            "value": 499964.0,
            "min": 499964.0,
            "max": 499964.0,
            "count": 1
        },
        "BirdAgent.Policy.ExtrinsicValueEstimate.mean": {
            "value": -3.3513691425323486,
            "min": -3.3513691425323486,
            "max": -3.3513691425323486,
            "count": 1
        },
        "BirdAgent.Policy.ExtrinsicValueEstimate.sum": {
            "value": -4986.83740234375,
            "min": -4986.83740234375,
            "max": -4986.83740234375,
            "count": 1
        },
        "BirdAgent.Environment.CumulativeReward.mean": {
            "value": -3.3409136098548458,
            "min": -3.3409136098548458,
            "max": -3.3409136098548458,
            "count": 1
        },
        "BirdAgent.Environment.CumulativeReward.sum": {
            "value": -4790.870116531849,
            "min": -4790.870116531849,
            "max": -4790.870116531849,
            "count": 1
        },
        "BirdAgent.Policy.ExtrinsicReward.mean": {
            "value": -3.3409136098548458,
            "min": -3.3409136098548458,
            "max": -3.3409136098548458,
            "count": 1
        },
        "BirdAgent.Policy.ExtrinsicReward.sum": {
            "value": -4790.870116531849,
            "min": -4790.870116531849,
            "max": -4790.870116531849,
            "count": 1
        },
        "BirdAgent.Losses.PolicyLoss.mean": {
            "value": 0.021865755482576785,
            "min": 0.021865755482576785,
            "max": 0.021865755482576785,
            "count": 1
        },
        "BirdAgent.Losses.PolicyLoss.sum": {
            "value": 0.08746302193030714,
            "min": 0.08746302193030714,
            "max": 0.08746302193030714,
            "count": 1
        },
        "BirdAgent.Losses.ValueLoss.mean": {
            "value": 1.622874320546786,
            "min": 1.622874320546786,
            "max": 1.622874320546786,
            "count": 1
        },
        "BirdAgent.Losses.ValueLoss.sum": {
            "value": 6.491497282187144,
            "min": 6.491497282187144,
            "max": 6.491497282187144,
            "count": 1
        },
        "BirdAgent.Policy.LearningRate.mean": {
            "value": 1.1185146271650007e-05,
            "min": 1.1185146271650007e-05,
            "max": 1.1185146271650007e-05,
            "count": 1
        },
        "BirdAgent.Policy.LearningRate.sum": {
            "value": 4.474058508660003e-05,
            "min": 4.474058508660003e-05,
            "max": 4.474058508660003e-05,
            "count": 1
        },
        "BirdAgent.Policy.Epsilon.mean": {
            "value": 0.10372835000000001,
            "min": 0.10372835000000001,
            "max": 0.10372835000000001,
            "count": 1
        },
        "BirdAgent.Policy.Epsilon.sum": {
            "value": 0.41491340000000004,
            "min": 0.41491340000000004,
            "max": 0.41491340000000004,
            "count": 1
        },
        "BirdAgent.Policy.Beta.mean": {
            "value": 0.0001960446650000002,
            "min": 0.0001960446650000002,
            "max": 0.0001960446650000002,
            "count": 1
        },
        "BirdAgent.Policy.Beta.sum": {
            "value": 0.0007841786600000008,
            "min": 0.0007841786600000008,
            "max": 0.0007841786600000008,
            "count": 1
        },
        "BirdAgent.IsTraining.mean": {
            "value": 1.0,
            "min": 1.0,
            "max": 1.0,
            "count": 1
        },
        "BirdAgent.IsTraining.sum": {
            "value": 1.0,
            "min": 1.0,
            "max": 1.0,
            "count": 1
        }
    },
    "metadata": {
        "timer_format_version": "0.1.0",
        "start_time_seconds": "1713817289",
        "python_version": "3.7.9 (tags/v3.7.9:13c94747c7, Aug 17 2020, 18:58:18) [MSC v.1900 64 bit (AMD64)]",
        "command_line_arguments": "C:\\Users\\nicho\\Documents\\AT\\AT-Reinforcement-Learning\\venv\\Scripts\\mlagents-learn config/NewBirdAgent.yaml --run-id=NewBirdAgent6 --resume",
        "mlagents_version": "0.29.0",
        "mlagents_envs_version": "0.29.0",
        "communication_protocol_version": "1.5.0",
        "pytorch_version": "1.7.0+cu110",
        "numpy_version": "1.21.2",
        "end_time_seconds": "1713817578"
    },
    "total": 288.6184288,
    "count": 1,
    "self": 0.008477700000014465,
    "children": {
        "run_training.setup": {
            "total": 0.09672879999999995,
            "count": 1,
            "self": 0.09672879999999995
        },
        "TrainerController.start_learning": {
            "total": 288.5132223,
            "count": 1,
            "self": 0.13480879999769968,
            "children": {
                "TrainerController._reset_env": {
                    "total": 6.4163934000000005,
                    "count": 1,
                    "self": 6.4163934000000005
                },
                "TrainerController.advance": {
                    "total": 281.9053579000023,
                    "count": 5496,
                    "self": 0.142482300001177,
                    "children": {
                        "env_step": {
                            "total": 268.52080409999894,
                            "count": 5496,
                            "self": 255.61775099999974,
                            "children": {
                                "SubprocessEnvManager._take_step": {
                                    "total": 12.818931099999482,
                                    "count": 5497,
                                    "self": 0.3248056999995299,
                                    "children": {
                                        "TorchPolicy.evaluate": {
                                            "total": 12.494125399999952,
                                            "count": 4477,
                                            "self": 5.35207770000109,
                                            "children": {
                                                "TorchPolicy.sample_actions": {
                                                    "total": 7.142047699998861,
                                                    "count": 4477,
                                                    "self": 7.142047699998861
                                                }
                                            }
                                        }
                                    }
                                },
                                "workers": {
                                    "total": 0.08412199999970582,
                                    "count": 5496,
                                    "self": 0.0,
                                    "children": {
                                        "worker_root": {
                                            "total": 270.25576889999996,
                                            "count": 5496,