{"count":1,"self":776.9908736,"total":1047.1389987,"children":{"InitializeActuators":{"count":20,"self":0.0010003,"total":0.0010003,"children":null},"InitializeSensors":{"count":20,"self":0.0020001999999999997,"total":0.0020001999999999997,"children":null},"AgentSendState":{"count":85206,"self":12.8483112,"total":20.328411799999998,"children":{"CollectObservations":{"count":340840,"self":3.369732,"total":3.3697318999999997,"children":null},"WriteActionMask":{"count":340840,"self":0.2604738,"total":0.2604738,"children":null},"RequestDecision":{"count":340840,"self":0.67040559999999993,"total":3.8498951,"children":{"AgentInfo.ToProto":{"count":340840,"self":0.5848717,"total":3.1794895,"children":{"GenerateSensorData":{"count":340840,"self":1.8643105999999998,"total":2.5946178,"children":{"RayPerceptionSensor.Perceive":{"count":340840,"self":0.73030719999999993,"total":0.73030719999999993,"children":null}}}}}}}}},"DecideAction":{"count":85206,"self":248.4256,"total":248.42559359999998,"children":null},"AgentAct":{"count":85206,"self":1.3081159999999998,"total":1.3081159999999998,"children":null},"AgentInfo.ToProto":{"count":3468,"self":0.0164592,"total":0.0819814,"children":{"GenerateSensorData":{"count":3468,"self":0.0530108,"total":0.0655222,"children":{"RayPerceptionSensor.Perceive":{"count":3468,"self":0.012511399999999999,"total":0.012511399999999999,"children":null}}}}}},"gauges":{"BirdAgent.CumulativeReward":{"count":3468,"max":44.7793,"min":-2.94000077,"runningAverage":6.7166605,"value":2.139999,"weightedAverage":3.28141022}},"metadata":{"timer_format_version":"0.1.0","start_time_seconds":"1713821561","unity_version":"2022.3.6f1","command_line_arguments":"C:\\Program Files\\Unity\\Hub\\Editor\\2022.3.6f1\\Editor\\Unity.exe -projectpath C:\\Users\\nicho\\Documents\\AT\\AT-Reinforcement-Learning -useHub -hubIPC -cloudEnvironment production -licensingIpc LicenseClient-nicho -hubSessionId 57c97cac-3bf9-463c-95d2-2fc3d8c8cdc5 -accessToken i6dlEsNEeMp5D_1pim2YpofHT0jCz_woVfBQmV7DbzI005f","communication_protocol_version":"1.5.0","com.unity.ml-agents_version":"2.0.1","scene_name":"FlappyBird","end_time_seconds":"1713822608"}}