{
    "name": "root",
    "metadata": {
        "timer_format_version": "0.1.0",
        "start_time_seconds": "1713809559",
        "python_version": "3.7.9 (tags/v3.7.9:13c94747c7, Aug 17 2020, 18:58:18) [MSC v.1900 64 bit (AMD64)]",
        "command_line_arguments": "C:\\Users\\nicho\\Documents\\AT\\AT-Reinforcement-Learning\\venv\\Scripts\\mlagents-learn config/BirdAgent.yaml --run-id=NewBirdAgent2",
        "mlagents_version": "0.29.0",
        "mlagents_envs_version": "0.29.0",
        "communication_protocol_version": "1.5.0",
        "pytorch_version": "1.7.0+cu110",
        "numpy_version": "1.21.2",
        "end_time_seconds": "1713809697"
    },
    "total": 137.5571275,
    "count": 1,
    "self": 10.0075195,
    "children": {
        "run_training.setup": {
            "total": 0.08704289999999992,
            "count": 1,
            "self": 0.08704289999999992
        },
        "TrainerController.start_learning": {
            "total": 127.4625651,
            "count": 1,
            "self": 0.0294224999999102,
            "children": {
                "TrainerController._reset_env": {
                    "total": 9.5600338,
                    "count": 1,
                    "self": 7.739850799999999,
                    "children": {
                        "demo_to_buffer": {
                            "total": 1.820183,
                            "count": 2,
                            "self": 0.00010210000000121511,
                            "children": {
                                "load_demonstration": {
                                    "total": 0.022140999999999522,
                                    "count": 2,
                                    "self": 0.021471500000000532,
                                    "children": {
                                        "read_file": {
                                            "total": 0.0006694999999989903,
                                            "count": 2,
                                            "self": 0.0006694999999989903
                                        }
                                    }
                                },
                                "make_demo_buffer": {
                                    "total": 1.7979398999999994,
                                    "count": 2,
                                    "self": 0.26117890000014654,
                                    "children": {
                                        "steps_from_proto": {
                                            "total": 1.5367609999998528,
                                            "count": 9152,
                                            "self": 0.9312486999999425,
                                            "children": {
                                                "_process_rank_one_or_two_observation": {
                                                    "total": 0.6055122999999103,
                                                    "count": 36608,
                                                    "self": 0.6055122999999103
                                                }
                                            }
                                        }
                                    }
                                }
                            }
                        }
                    }
                },
                "TrainerController.advance": {
                    "total": 117.79175960000012,
                    "count": 1325,
                    "self": 0.027430699999598573,
                    "children": {
                        "env_step": {
                            "total": 94.08135680000021,
                            "count": 1325,
                            "self": 90.45117300000031,
                            "children": {
                                "SubprocessEnvManager._take_step": {
                                    "total": 3.613029299999919,
                                    "count": 1326,
                                    "self": 0.0668294000001346,
                                    "children": {
                                        "TorchPolicy.evaluate": {
                                            "total": 3.5461998999997846,
                                            "count": 1215,
                                            "self": 1.2886806999998814,
                                            "children": {
                                                "TorchPolicy.sample_actions": {
                                                    "total": 2.257519199999903,
                                                    "count": 1215,
                                                    "self": 2.257519199999903
                                                }
                                            }
                                        }
                                    }
                                },
                                "workers": {
                                    "total": 0.017154499999975314,
                                    "count": 1324,
                                    "self": 0.0,
                                    "children": {
                                        "worker_root": {
                                            "total": 96.91478249999994,
                                            "count": 1324,
                                            "is_parallel": true,
                                            "self": 31.415187000000145,
                                            "children": {
                                                "steps_from_proto": {
                                                    "total": 0.0009958000000009903,
                                                    "count": 2,
                                                    "is_parallel": true,
                                                    "self": 0.0004750000000024457,
                                                    "children": {
                                                        "_process_rank_one_or_two_observation": {
                                                            "total": 0.0005207999999985446,
                                                            "count": 8,
                                                            "is_parallel": true,
                                                            "self": 0.0005207999999985446
                                                        }
                                                    }
                                                },
                                                "UnityEnvironment.step": {
                                                    "total": 65.4985996999998,
                                                    "count": 1324,
                                                    "is_parallel": true,
                                                    "self": 0.13683989999987034,
                                                    "children": {
                                                        "UnityEnvironment._generate_step_input": {
                                                            "total": 0.08635940000004183,
                                                            "count": 1324,
                                                            "is_parallel": true,
                                                            "self": 0.08635940000004183
                                                        },
                                                        "communicator.exchange": {
                                                            "total": 64.7745686,
                                                            "count": 1324,
                                                            "is_parallel": true,