{
    "name": "root",
    "metadata": {
        "timer_format_version": "0.1.0",
        "start_time_seconds": "1708544883",
        "python_version": "3.7.9 (tags/v3.7.9:13c94747c7, Aug 17 2020, 18:58:18) [MSC v.1900 64 bit (AMD64)]",
        "command_line_arguments": "C:\\Users\\nicho\\Documents\\AT\\AT-Reinforcement-Learning\\venv\\Scripts\\mlagents-learn --run-id=Test2",
        "mlagents_version": "0.29.0",
        "mlagents_envs_version": "0.29.0",
        "communication_protocol_version": "1.5.0",
        "pytorch_version": "1.7.0+cu110",
        "numpy_version": "1.21.2",
        "end_time_seconds": "1708544961"
    },
    "total": 78.9170421,
    "count": 1,
    "self": 0.0064947999999986905,
    "children": {
        "run_training.setup": {
            "total": 0.07048569999999998,
            "count": 1,
            "self": 0.07048569999999998
        },
        "TrainerController.start_learning": {
            "total": 78.8400616,
            "count": 1,
            "self": 0.014943600000037804,
            "children": {
                "TrainerController._reset_env": {
                    "total": 11.2753035,
                    "count": 1,
                    "self": 11.2753035
                },
                "TrainerController.advance": {
                    "total": 67.46983729999998,
                    "count": 867,
                    "self": 0.014309900000085918,
                    "children": {
                        "env_step": {
                            "total": 67.37649519999995,
                            "count": 867,
                            "self": 65.03414299999999,
                            "children": {
                                "SubprocessEnvManager._take_step": {
                                    "total": 2.3336708000000126,
                                    "count": 867,
                                    "self": 0.03666850000002064,
                                    "children": {
                                        "TorchPolicy.evaluate": {
                                            "total": 2.297002299999992,
                                            "count": 867,
                                            "self": 0.7364239000000303,
                                            "children": {
                                                "TorchPolicy.sample_actions": {
                                                    "total": 1.5605783999999616,
                                                    "count": 867,
                                                    "self": 1.5605783999999616
                                                }
                                            }
                                        }
                                    }
                                },
                                "workers": {
                                    "total": 0.008681399999954209,
                                    "count": 866,
                                    "self": 0.0,
                                    "children": {
                                        "worker_root": {
                                            "total": 7.608635200000002,
                                            "count": 866,
                                            "is_parallel": true,
                                            "self": 4.153548299999976,
                                            "children": {
                                                "steps_from_proto": {
                                                    "total": 0.0005164999999998088,
                                                    "count": 1,
                                                    "is_parallel": true,
                                                    "self": 0.0002942999999984153,
                                                    "children": {
                                                        "_process_rank_one_or_two_observation": {
                                                            "total": 0.0002222000000013935,
                                                            "count": 2,
                                                            "is_parallel": true,
                                                            "self": 0.0002222000000013935
                                                        }
                                                    }
                                                },
                                                "UnityEnvironment.step": {
                                                    "total": 3.4545704000000264,
                                                    "count": 866,
                                                    "is_parallel": true,
                                                    "self": 0.05200349999994103,
                                                    "children": {
                                                        "UnityEnvironment._generate_step_input": {
                                                            "total": 0.04602710000001231,
                                                            "count": 866,
                                                            "is_parallel": true,
                                                            "self": 0.04602710000001231
                                                        },
                                                        "communicator.exchange": {
                                                            "total": 3.175170600000037,
                                                            "count": 866,
                                                            "is_parallel": true,
                                                            "self": 3.175170600000037
                                                        },
                                                        "steps_from_proto": {
                                                            "total": 0.1813692000000362,
                                                            "count": 866,
                                                            "is_parallel": true,
                                                            "self": 0.11909250000002913,
                                                            "children": {
                                                                "_process_rank_one_or_two_observation": {
                                                                    "total": 0.06227670000000707,
                                                                    "count": 1732,
                                                                    "is_parallel": true,
                                                                    "self": 0.06227670000000707
                                                                }
                                                            }
                                                        }
                                                    }
                                                }
                                            }
                                        }
                                    }
                                }
                            }
                        },
                        "trainer_advance": {
                            "total": 0.07903219999994349,
                            "count": 866,
                            "self": 0.019672099999901604,
                            "children": {
                                "process_trajectory": {
                                    "total": 0.05936010000004188,
                                    "count": 866,
                                    "self": 0.05936010000004188
                                }
                            }
                        }
                    }
                },