{
    "name": "root",
    "metadata": {
        "timer_format_version": "0.1.0",
        "start_time_seconds": "1713809420",
        "python_version": "3.7.9 (tags/v3.7.9:13c94747c7, Aug 17 2020, 18:58:18) [MSC v.1900 64 bit (AMD64)]",
        "command_line_arguments": "C:\\Users\\nicho\\Documents\\AT\\AT-Reinforcement-Learning\\venv\\Scripts\\mlagents-learn config/BirdAgent.yaml --run-id=NewBirdAgent --resume",
        "mlagents_version": "0.29.0",
        "mlagents_envs_version": "0.29.0",
        "communication_protocol_version": "1.5.0",
        "pytorch_version": "1.7.0+cu110",
        "numpy_version": "1.21.2",
        "end_time_seconds": "1713809523"
    },
    "total": 102.931678,
    "count": 1,
    "self": 0.00518950000000018,
    "children": {
        "run_training.setup": {
            "total": 0.07991250000000005,
            "count": 1,
            "self": 0.07991250000000005
        },
        "TrainerController.start_learning": {
            "total": 102.846576,
            "count": 1,
            "self": 0.009286400000007689,
            "children": {
                "TrainerController._reset_env": {
                    "total": 9.6903154,
                    "count": 1,
                    "self": 7.770528500000001,
                    "children": {
                        "demo_to_buffer": {
                            "total": 1.9197868999999983,
                            "count": 2,
                            "self": 0.00011130000000036944,
                            "children": {
                                "load_demonstration": {
                                    "total": 0.02516309999999855,
                                    "count": 2,
                                    "self": 0.024472999999998635,
                                    "children": {
                                        "read_file": {
                                            "total": 0.0006900999999999158,
                                            "count": 2,
                                            "self": 0.0006900999999999158
                                        }
                                    }
                                },
                                "make_demo_buffer": {
                                    "total": 1.8945124999999994,
                                    "count": 2,
                                    "self": 0.2752894000000854,
                                    "children": {
                                        "steps_from_proto": {
                                            "total": 1.619223099999914,
                                            "count": 9152,
                                            "self": 0.9806292999999453,
                                            "children": {
                                                "_process_rank_one_or_two_observation": {
                                                    "total": 0.6385937999999687,
                                                    "count": 36608,
                                                    "self": 0.6385937999999687
                                                }
                                            }
                                        }
                                    }
                                }
                            }
                        }
                    }
                },
                "TrainerController.advance": {
                    "total": 93.08453549999999,
                    "count": 443,
                    "self": 0.009033799999912162,
                    "children": {
                        "env_step": {
                            "total": 85.19920940000004,
                            "count": 443,
                            "self": 83.55031620000008,
                            "children": {
                                "SubprocessEnvManager._take_step": {
                                    "total": 1.6433779000000062,
                                    "count": 443,
                                    "self": 0.022622199999986492,
                                    "children": {
                                        "TorchPolicy.evaluate": {
                                            "total": 1.6207557000000197,
                                            "count": 403,
                                            "self": 0.430348399999966,
                                            "children": {
                                                "TorchPolicy.sample_actions": {
                                                    "total": 1.1904073000000537,
                                                    "count": 403,
                                                    "self": 1.1904073000000537
                                                }
                                            }
                                        }
                                    }
                                },
                                "workers": {
                                    "total": 0.005515299999961698,
                                    "count": 442,
                                    "self": 0.0,
                                    "children": {
                                        "worker_root": {
                                            "total": 35.21808199999994,
                                            "count": 442,
                                            "is_parallel": true,
                                            "self": 13.189651699999978,
                                            "children": {
                                                "steps_from_proto": {
                                                    "total": 0.00047970000000052693,
                                                    "count": 1,
                                                    "is_parallel": true,
                                                    "self": 0.0002329000000003134,
                                                    "children": {
                                                        "_process_rank_one_or_two_observation": {
                                                            "total": 0.0002468000000002135,
                                                            "count": 4,
                                                            "is_parallel": true,
                                                            "self": 0.0002468000000002135
                                                        }
                                                    }
                                                },
                                                "UnityEnvironment.step": {
                                                    "total": 22.02795059999996,
                                                    "count": 442,
                                                    "is_parallel": true,
                                                    "self": 0.045085000000039344,
                                                    "children": {
                                                        "UnityEnvironment._generate_step_input": {
                                                            "total": 0.028839299999939172,
                                                            "count": 442,
                                                            "is_parallel": true,
                                                            "self": 0.028839299999939172
                                                        },
                                                        "communicator.exchange": {
                                                            "total": 21.79165020000004,
                                                            "count": 442,
                                                            "is_parallel": true,