{
    "name": "root",
    "gauges": {
        "MoveToGoal.Policy.Entropy.mean": {
            "value": 1.4271807670593262,
            "min": 1.4215449094772339,
            "max": 1.4271807670593262,
            "count": 2
        },
        "MoveToGoal.Policy.Entropy.sum": {
            "value": 71428.96875,
            "min": 71338.8125,
            "max": 71428.96875,
            "count": 2
        },
        "MoveToGoal.Step.mean": {
            "value": 99949.0,
            "min": 49975.0,
            "max": 99949.0,
            "count": 2
        },
        "MoveToGoal.Step.sum": {
            "value": 99949.0,
            "min": 49975.0,
            "max": 99949.0,
            "count": 2
        },
        "MoveToGoal.Policy.ExtrinsicValueEstimate.mean": {
            "value": 0.25521281361579895,
            "min": 0.09926590323448181,
            "max": 0.25521281361579895,
            "count": 2
        },
        "MoveToGoal.Policy.ExtrinsicValueEstimate.sum": {
            "value": 306.25537109375,
            "min": 104.03067016601562,
            "max": 306.25537109375,
            "count": 2
        },
        "MoveToGoal.Environment.EpisodeLength.mean": {
            "value": 80.83168316831683,
            "min": 80.83168316831683,
            "max": 125.18575063613231,
            "count": 2
        },
        "MoveToGoal.Environment.EpisodeLength.sum": {
            "value": 48984.0,
            "min": 48984.0,
            "max": 49198.0,
            "count": 2
        },
        "MoveToGoal.Environment.CumulativeReward.mean": {
            "value": 0.7062706270627063,
            "min": 0.356234096692112,
            "max": 0.7062706270627063,
            "count": 2
        },
        "MoveToGoal.Environment.CumulativeReward.sum": {
            "value": 428.0,
            "min": 140.0,
            "max": 428.0,
            "count": 2
        },
        "MoveToGoal.Policy.ExtrinsicReward.mean": {
            "value": 0.7062706270627063,
            "min": 0.356234096692112,
            "max": 0.7062706270627063,
            "count": 2
        },
        "MoveToGoal.Policy.ExtrinsicReward.sum": {
            "value": 428.0,
            "min": 140.0,
            "max": 428.0,
            "count": 2
        },
        "MoveToGoal.Losses.PolicyLoss.mean": {
            "value": 0.025079448862622183,
            "min": 0.022471874905750155,
            "max": 0.025079448862622183,
            "count": 2
        },
        "MoveToGoal.Losses.PolicyLoss.sum": {
            "value": 0.12539724431311092,
            "min": 0.08988749962300062,
            "max": 0.12539724431311092,
            "count": 2
        },
        "MoveToGoal.Losses.ValueLoss.mean": {
            "value": 0.013588052469616136,
            "min": 0.013588052469616136,
            "max": 0.02678031058361133,
            "count": 2
        },
        "MoveToGoal.Losses.ValueLoss.sum": {
            "value": 0.06794026234808068,
            "min": 0.06794026234808068,
            "max": 0.10712124233444532,
            "count": 2
        },
        "MoveToGoal.Policy.LearningRate.mean": {
            "value": 0.00025683217438927995,
            "min": 0.00025683217438927995,
            "max": 0.00028457295514235,
            "count": 2
        },
        "MoveToGoal.Policy.LearningRate.sum": {
            "value": 0.0012841608719463998,
            "min": 0.0011382918205694,
            "max": 0.0012841608719463998,
            "count": 2
        },
        "MoveToGoal.Policy.Epsilon.mean": {
            "value": 0.18561072000000003,
            "min": 0.18561072000000003,
            "max": 0.19485765000000005,
            "count": 2
        },
        "MoveToGoal.Policy.Epsilon.sum": {
            "value": 0.9280536000000001,
            "min": 0.7794306000000002,
            "max": 0.9280536000000001,
            "count": 2
        },
        "MoveToGoal.Policy.Beta.mean": {
            "value": 0.004281974928,
            "min": 0.004281974928,
            "max": 0.004743396735,
            "count": 2
        },
        "MoveToGoal.Policy.Beta.sum": {
            "value": 0.02140987464,
            "min": 0.01897358694,
            "max": 0.02140987464,
            "count": 2
        },
        "MoveToGoal.IsTraining.mean": {
            "value": 1.0,
            "min": 1.0,
            "max": 1.0,
            "count": 2
        },
        "MoveToGoal.IsTraining.sum": {
            "value": 1.0,
            "min": 1.0,
            "max": 1.0,
            "count": 2
        }
    },
    "metadata": {
        "timer_format_version": "0.1.0",
        "start_time_seconds": "1708791705",
        "python_version": "3.7.9 (tags/v3.7.9:13c94747c7, Aug 17 2020, 18:58:18) [MSC v.1900 64 bit (AMD64)]",
        "command_line_arguments": "C:\\Users\\nicho\\Documents\\AT\\AT-Reinforcement-Learning\\venv\\Scripts\\mlagents-learn --run-id=Test1",
        "mlagents_version": "0.29.0",
        "mlagents_envs_version": "0.29.0",
        "communication_protocol_version": "1.5.0",
        "pytorch_version": "1.7.0+cu110",
        "numpy_version": "1.21.2",
        "end_time_seconds": "1708791882"
    },
    "total": 176.5360741,
    "count": 1,
    "self": 0.005758800000023712,
    "children": {
        "run_training.setup": {
            "total": 0.0901573,
            "count": 1,
            "self": 0.0901573
        },
        "TrainerController.start_learning": {
            "total": 176.440158,
            "count": 1,
            "self": 0.24769440000042664,
            "children": {
                "TrainerController._reset_env": {
                    "total": 12.6262694,
                    "count": 1,
                    "self": 12.6262694
                },
                "TrainerController.advance": {
                    "total": 163.50331039999958,
                    "count": 12376,
                    "self": 0.2235847999996281,
                    "children": {
                        "env_step": {
                            "total": 139.46900779999953,
                            "count": 12376,
                            "self": 113.33905189999922,
                            "children": {
                                "SubprocessEnvManager._take_step": {
                                    "total": 25.979259600000113,
                                    "count": 12376,
                                    "self": 0.6645243999993582,
                                    "children": {
                                        "TorchPolicy.evaluate": {
                                            "total": 25.314735200000754,
                                            "count": 11591,
                                            "self": 15.579008399999113,
                                            "children": {
                                                "TorchPolicy.sample_actions": {
                                                    "total": 9.735726800001641,
                                                    "count": 11591,
                                                    "self": 9.735726800001641
                                                }
                                            }
                                        }
                                    }
                                },
                                "workers": {
                                    "total": 0.15069630000020773,
                                    "count": 12375,
                                    "self": 0.0,
                                    "children": {
                                        "worker_root": {
                                            "total": 103.78446470000037,
                                            "count": 12375,
                                            "is_parallel": true,
                                            "self": 63.60794750000048,