{
    "name": "root",
    "metadata": {
        "timer_format_version": "0.1.0",
        "start_time_seconds": "1713127492",
        "python_version": "3.7.9 (tags/v3.7.9:13c94747c7, Aug 17 2020, 18:58:18) [MSC v.1900 64 bit (AMD64)]",
        "command_line_arguments": "C:\\Users\\nicho\\Documents\\AT\\AT-Reinforcement-Learning\\venv\\Scripts\\mlagents-learn config/BirdAgent.yaml --run-id=BirdAgent3 --resume",
        "mlagents_version": "0.29.0",
        "mlagents_envs_version": "0.29.0",
        "communication_protocol_version": "1.5.0",
        "pytorch_version": "1.7.0+cu110",
        "numpy_version": "1.21.2",
        "end_time_seconds": "1713127734"
    },
    "total": 242.45117520000002,
    "count": 1,
    "self": 0.006034200000016199,
    "children": {
        "run_training.setup": {
            "total": 0.08965650000000003,
            "count": 1,
            "self": 0.08965650000000003
        },
        "TrainerController.start_learning": {
            "total": 242.35548450000002,
            "count": 1,
            "self": 0.05867330000006632,
            "children": {
                "TrainerController._reset_env": {
                    "total": 9.6732189,
                    "count": 1,
                    "self": 7.0755389,
                    "children": {
                        "demo_to_buffer": {
                            "total": 2.5976800000000004,
                            "count": 2,
                            "self": 0.00011239999999901329,
                            "children": {
                                "load_demonstration": {
                                    "total": 0.03415820000000025,
                                    "count": 2,
                                    "self": 0.03328910000000107,
                                    "children": {
                                        "read_file": {
                                            "total": 0.0008690999999991789,
                                            "count": 2,
                                            "self": 0.0008690999999991789
                                        }
                                    }
                                },
                                "make_demo_buffer": {
                                    "total": 2.563409400000001,
                                    "count": 2,
                                    "self": 0.37609409999990007,
                                    "children": {
                                        "steps_from_proto": {
                                            "total": 2.187315300000101,
                                            "count": 12672,
                                            "self": 1.3268738000001221,
                                            "children": {
                                                "_process_rank_one_or_two_observation": {
                                                    "total": 0.860441499999979,
                                                    "count": 50688,
                                                    "self": 0.860441499999979
                                                }
                                            }
                                        }
                                    }
                                }
                            }
                        }
                    }
                },
                "TrainerController.advance": {
                    "total": 232.56095979999998,
                    "count": 2108,
                    "self": 0.051739299999781,
                    "children": {
                        "env_step": {
                            "total": 158.63113249999992,
                            "count": 2108,
                            "self": 151.9134314999995,
                            "children": {
                                "SubprocessEnvManager._take_step": {
                                    "total": 6.681918699999919,
                                    "count": 2108,
                                    "self": 0.1621362999999416,
                                    "children": {
                                        "TorchPolicy.evaluate": {
                                            "total": 6.519782399999977,
                                            "count": 1939,
                                            "self": 2.5871327000001383,
                                            "children": {
                                                "TorchPolicy.sample_actions": {
                                                    "total": 3.932649699999839,
                                                    "count": 1939,
                                                    "self": 3.932649699999839
                                                }
                                            }
                                        }
                                    }
                                },
                                "workers": {
                                    "total": 0.035782300000498424,
                                    "count": 2107,
                                    "self": 0.0,
                                    "children": {
                                        "worker_root": {
                                            "total": 175.1515746,
                                            "count": 2107,
                                            "is_parallel": true,
                                            "self": 87.10869549999991,
                                            "children": {
                                                "steps_from_proto": {
                                                    "total": 0.00047579999999936007,
                                                    "count": 1,
                                                    "is_parallel": true,
                                                    "self": 0.00024770000000007286,
                                                    "children": {
                                                        "_process_rank_one_or_two_observation": {
                                                            "total": 0.0002280999999992872,
                                                            "count": 4,
                                                            "is_parallel": true,
                                                            "self": 0.0002280999999992872
                                                        }
                                                    }
                                                },
                                                "UnityEnvironment.step": {
                                                    "total": 88.04240330000009,
                                                    "count": 2107,
                                                    "is_parallel": true,
                                                    "self": 0.2693347000000159,
                                                    "children": {
                                                        "UnityEnvironment._generate_step_input": {
                                                            "total": 0.23295190000003885,
                                                            "count": 2107,
                                                            "is_parallel": true,
                                                            "self": 0.23295190000003885
                                                        },
                                                        "communicator.exchange": {
                                                            "total": 86.58819719999983,
                                                            "count": 2107,
                                                            "is_parallel": true,