{
    "name": "root",
    "gauges": {
        "BirdAgent.Policy.Entropy.mean": {
            "value": 0.03006426990032196,
            "min": 0.03006426990032196,
            "max": 0.28714486956596375,
            "count": 15
        },
        "BirdAgent.Policy.Entropy.sum": {
            "value": 300.70281982421875,
            "min": 300.70281982421875,
            "max": 2871.73583984375,
            "count": 15
        },
        "BirdAgent.Environment.EpisodeLength.mean": {
            "value": 4.996402877697841,
            "min": 4.941036331149494,
            "max": 10.656177156177156,
            "count": 15
        },
        "BirdAgent.Environment.EpisodeLength.sum": {
            "value": 8334.0,
            "min": 8296.0,
            "max": 9143.0,
            "count": 15
        },
        "BirdAgent.Step.mean": {
            "value": 149998.0,
            "min": 9975.0,
            "max": 149998.0,
            "count": 15
        },
        "BirdAgent.Step.sum": {
            "value": 149998.0,
            "min": 9975.0,
            "max": 149998.0,
            "count": 15
        },
        "BirdAgent.Policy.ExtrinsicValueEstimate.mean": {
            "value": -0.9398099780082703,
            "min": -0.9498998522758484,
            "max": -0.7306530475616455,
            "count": 15
        },
        "BirdAgent.Policy.ExtrinsicValueEstimate.sum": {
            "value": -1567.60302734375,
            "min": -1594.8818359375,
            "max": -626.9003295898438,
            "count": 15
        },
        "BirdAgent.Policy.GailValueEstimate.mean": {
            "value": 0.7453149557113647,
            "min": 0.7453149557113647,
            "max": 2.9186530113220215,
            "count": 15
        },
        "BirdAgent.Policy.GailValueEstimate.sum": {
            "value": 1243.185302734375,
            "min": 1243.185302734375,
            "max": 2663.48876953125,
            "count": 15
        },
        "BirdAgent.Environment.CumulativeReward.mean": {
            "value": -0.9790167865707434,
            "min": -0.984514592019059,
            "max": -0.8693115519253208,
            "count": 15
        },
        "BirdAgent.Environment.CumulativeReward.sum": {
            "value": -1633.0,
            "min": -1653.0,
            "max": -745.0,
            "count": 15
        },
        "BirdAgent.Policy.ExtrinsicReward.mean": {
            "value": -0.9790167865707434,
            "min": -0.984514592019059,
            "max": -0.8693115519253208,
            "count": 15
        },
        "BirdAgent.Policy.ExtrinsicReward.sum": {
            "value": -1633.0,
            "min": -1653.0,
            "max": -745.0,
            "count": 15
        },
        "BirdAgent.Policy.GailReward.mean": {
            "value": 0.7495533596686305,
            "min": 0.7495533596686305,
            "max": 3.235013678791643,
            "count": 15
        },
        "BirdAgent.Policy.GailReward.sum": {
            "value": 1250.2550039272755,
            "min": 1250.2550039272755,
            "max": 2772.4067227244377,
            "count": 15
        },
        "BirdAgent.Losses.PolicyLoss.mean": {
            "value": 0.23810572818705572,
            "min": 0.23258701232716913,
            "max": 0.2441785361916204,
            "count": 15
        },
        "BirdAgent.Losses.PolicyLoss.sum": {
            "value": 22.620044177770293,
            "min": 22.095766171081067,
            "max": 23.37344188008101,
            "count": 15
        },
        "BirdAgent.Losses.ValueLoss.mean": {
            "value": 4.778888545978406,
            "min": 4.248568815511165,
            "max": 10.93768136221175,
            "count": 15
        },
        "BirdAgent.Losses.ValueLoss.sum": {
            "value": 453.99441186794854,
            "min": 386.61976221151605,
            "max": 1039.0797294101162,
            "count": 15
        },
        "BirdAgent.Policy.LearningRate.mean": {
            "value": 0.0002129862037414506,
            "min": 0.0002129862037414506,
            "max": 0.00029697110210853407,
            "count": 15
        },
        "BirdAgent.Policy.LearningRate.sum": {
            "value": 0.020233689355437807,
            "min": 0.020233689355437807,
            "max": 0.027024370291876598,
            "count": 15
        },
        "BirdAgent.Policy.Epsilon.mean": {
            "value": 0.1709953915789474,
            "min": 0.1709953915789474,
            "max": 0.19899036703296707,
            "count": 15
        },
        "BirdAgent.Policy.Epsilon.sum": {
            "value": 16.2445622,
            "min": 16.2445622,
            "max": 18.1450848,
            "count": 15
        },
        "BirdAgent.Policy.Beta.mean": {
            "value": 0.0005000000000000001,
            "min": 0.0005000000000000001,
            "max": 0.0005000000000000001,
            "count": 15
        },
        "BirdAgent.Policy.Beta.sum": {
            "value": 0.047500000000000014,
            "min": 0.04550000000000001,
            "max": 0.048000000000000015,
            "count": 15
        },
        "BirdAgent.Policy.GAILPolicyEstimate.mean": {
            "value": 0.12775734853832243,
            "min": 0.12775734853832243,
            "max": 0.3894807960097659,
            "count": 15
        },
        "BirdAgent.Policy.GAILPolicyEstimate.sum": {
            "value": 12.136948111140631,
            "min": 12.136948111140631,
            "max": 35.442752436888696,
            "count": 15
        },
        "BirdAgent.Policy.GAILExpertEstimate.mean": {
            "value": 0.8684098235655182,
            "min": 0.6015264551238632,
            "max": 0.8684098235655182,
            "count": 15
        },
        "BirdAgent.Policy.GAILExpertEstimate.sum": {
            "value": 82.49893323872423,
            "min": 54.73890741627155,
            "max": 82.85290414511508,
            "count": 15
        },
        "BirdAgent.Losses.GAILLoss.mean": {
            "value": 0.4215879560675094,
            "min": 0.4215879560675094,
            "max": 1.0845543244368443,
            "count": 15
        },
        "BirdAgent.Losses.GAILLoss.sum": {
            "value": 40.05085582641339,
            "min": 40.05085582641339,
            "max": 98.69444352375284,
            "count": 15
        },
        "BirdAgent.Policy.GAILGradMagLoss.mean": {
            "value": 0.01741786034382035,
            "min": 0.014612243831402805,
            "max": 0.2389129706750753,
            "count": 15
        },
        "BirdAgent.Policy.GAILGradMagLoss.sum": {
            "value": 1.6546967326629334,
            "min": 1.4027754078146693,
            "max": 21.741080331431853,
            "count": 15
        },
        "BirdAgent.Losses.PretrainingLoss.mean": {
            "value": 0.21579784140705296,
            "min": 0.21579784140705296,
            "max": 0.3379163195028133,
            "count": 15
        },
        "BirdAgent.Losses.PretrainingLoss.sum": {
            "value": 20.500794933670033,
            "min": 20.500794933670033,
            "max": 30.75038507475601,
            "count": 15
        },
        "BirdAgent.IsTraining.mean": {
            "value": 1.0,
            "min": 1.0,
            "max": 1.0,
            "count": 15
        },
        "BirdAgent.IsTraining.sum": {
            "value": 1.0,
            "min": 1.0,
            "max": 1.0,
            "count": 15
        }
    },
    "metadata": {
        "timer_format_version": "0.1.0",
        "start_time_seconds": "1713105565",
        "python_version": "3.7.9 (tags/v3.7.9:13c94747c7, Aug 17 2020, 18:58:18) [MSC v.1900 64 bit (AMD64)]",
        "command_line_arguments": "C:\\Users\\nicho\\Documents\\AT\\AT-Reinforcement-Learning\\venv\\Scripts\\mlagents-learn config/BirdAgent.yaml --run-id=BirdAgent2",
        "mlagents_version": "0.29.0",
        "mlagents_envs_version": "0.29.0",
        "communication_protocol_version": "1.5.0",
        "pytorch_version": "1.7.0+cu110",